,id,Адрес,Упрощенный адрес,Результаты запроса,Широта,Долгота,Площадь (м. кв.)
0,8603825,"г. Санкт-Петербург, г. Ломоносов, ул. Красноармейская, д. 37",Петербург Ломоносов Красноармейская ул 37,"[{'place_id': 114659341, 'licence': 'Data © OpenStreetMap contributors, ODbL 1.0. https://osm.org/copyright', 'osm_type': 'way', 'osm_id': 35043347, 'boundingbox': ['59.9052498', '59.9059051', '29.7824243', '29.7832017'], 'lat': '59.905577449999996', 'lon': '29.782812999999997', 'display_name': '37, Красноармейская улица, Ломоносов, Санкт-Петербург, Северо-Западный федеральный округ, 198412, Россия', 'class': 'building', 'type': 'apartments', 'importance': 0.5200999999999999}, {'place_id': 113781311, 'licence': 'Data © OpenStreetMap contributors, ODbL 1.0. https://osm.org/copyright', 'osm_type': 'way', 'osm_id': 35043324, 'boundingbox': ['59.904543', '59.9051692', '29.7818381', '29.782556'], 'lat': '59.9048561', 'lon': '29.782197050000004', 'display_name': '37А, Красноармейская улица, Ломоносов, Санкт-Петербург, Северо-Западный федеральный округ, 198412, Россия', 'class': 'building', 'type': 'apartments', 'importance': 0.5101}]",59.905577449999996,29.782812999999997,3515.60
1,8916663,"г. Санкт-Петербург, ул. Гатчинская, д. 8, лит. А",Петербург Гатчинская ул 8,"[{'place_id': 298024608, 'licence': 'Data © OpenStreetMap contributors, ODbL 1.0. https://osm.org/copyright', 'osm_type': 'relation', 'osm_id': 1262917, 'boundingbox': ['59.9607635', '59.9611467', '30.3010953', '30.3018425'], 'lat': '59.96096605', 'lon': '30.301631795004212', 'display_name': '8, Гатчинская улица, Петроградская сторона, Петровский округ, Санкт-Петербург, Северо-Западный федеральный округ, 197136, Россия', 'class': 'building', 'type': 'yes', 'importance': 0.41009999999999996}]",59.96096605,30.301631795004212,2185.51
2,9358046,"г. Санкт-Петербург, п. Шушары, д. 8 Вилеровский пер",Петербург Шушары п 8,"[{'place_id': 297944075, 'licence': 'Data © OpenStreetMap contributors, ODbL 1.0. https://osm.org/copyright', 'osm_type': 'relation', 'osm_id': 356826, 'boundingbox': ['59.6885395', '59.8293735', '30.3102477', '30.5763451'], 'lat': '59.807457', 'lon': '30.37583', 'display_name': 'Шушары, Санкт-Петербург, Северо-Западный федеральный округ, Россия', 'class': 'boundary', 'type': 'administrative', 'importance': 0.618405217166498, 'icon': 'https://nominatim.openstreetmap.org/ui/mapicons/poi_boundary_administrative.p.20.png'}]",59.807457,30.37583,29964.70
3,6722431,"г. Санкт-Петербург, ул. Софьи Ковалевской, д. 13",Петербург Софьи Ковалевской ул 13,"[{'place_id': 91903911, 'licence': 'Data © OpenStreetMap contributors, ODbL 1.0. https://osm.org/copyright', 'osm_type': 'node', 'osm_id': 8938930679, 'boundingbox': ['60.01629', '60.01639', '30.415031', '30.415131'], 'lat': '60.01634', 'lon': '30.415081', 'display_name': 'СДЭК, 13, улица Софьи Ковалевской, округ Гражданка, Санкт-Петербург, Северо-Западный федеральный округ, 195252, Россия', 'class': 'amenity', 'type': 'post_office', 'importance': 0.5101, 'icon': 'https://nominatim.openstreetmap.org/ui/mapicons/amenity_post_office.p.20.png'}, {'place_id': 21002875, 'licence': 'Data © OpenStreetMap contributors, ODbL 1.0. https://osm.org/copyright', 'osm_type': 'node', 'osm_id': 2374750826, 'boundingbox': ['60.0161177', '60.0162177', '30.4147148', '30.4148148'], 'lat': '60.0161677', 'lon': '30.4147648', 'display_name': 'Универсам ""Мера"", 13, улица Софьи Ковалевской, округ Гражданка, Санкт-Петербург, Северо-Западный федеральный округ, 195252, Россия', 'class': 'shop', 'type': 'convenience', 'importance': 0.5101, 'icon': 'https://nominatim.openstreetmap.org/ui/mapicons/shopping_convenience.p.20.png'}, {'place_id': 21382283, 'licence': 'Data © OpenStreetMap contributors, ODbL 1.0. https://osm.org/copyright', 'osm_type': 'node', 'osm_id': 2374751793, 'boundingbox': ['60.0164735', '60.0165735', '30.4150699', '30.4151699'], 'lat': '60.0165235', 'lon': '30.4151199', 'display_name': '13, улица Софьи Ковалевской, округ Гражданка, Санкт-Петербург, Северо-Западный федеральный округ, 195252, Россия', 'class': 'amenity', 'type': 'pharmacy', 'importance': 0.5101, 'icon': 'https://nominatim.openstreetmap.org/ui/mapicons/health_pharmacy_dispensing.p.20.png'}, {'place_id': 345361563, 'licence': 'Data © OpenStreetMap contributors, ODbL 1.0. https://osm.org/copyright', 'osm_type': 'node', 'osm_id': 10089218404, 'boundingbox': ['60.0162123', '60.0163123', '30.4149691', '30.4150691'], 'lat': '60.0162623', 'lon': '30.4150191', 'display_name': 'Ozon, 13, улица Софьи Ковалевской, округ Гражданка, Санкт-Петербург, Северо-Западный федеральный округ, 195252, Россия', 'class': 'shop', 'type': 'outpost', 'importance': 0.5101}, {'place_id': 109633338, 'licence': 'Data © OpenStreetMap contributors, ODbL 1.0. https://osm.org/copyright', 'osm_type': 'way', 'osm_id': 23030379, 'boundingbox': ['60.0159505', '60.0166871', '30.4145943', '30.4155675'], 'lat': '60.016323299999996', 'lon': '30.4151350374417', 'display_name': '13, улица Софьи Ковалевской, округ Гражданка, Санкт-Петербург, Северо-Западный федеральный округ, 195252, Россия', 'class': 'building', 'type': 'apartments', 'importance': 0.5101}, {'place_id': 63407432, 'licence': 'Data © OpenStreetMap contributors, ODbL 1.0. https://osm.org/copyright', 'osm_type': 'node', 'osm_id': 5779627053, 'boundingbox': ['60.0158043', '60.0159043', '30.4151086', '30.4152086'], 'lat': '60.0158543', 'lon': '30.4151586', 'display_name': 'Продукты, 13 к1, улица Софьи Ковалевской, округ Гражданка, Санкт-Петербург, Северо-Западный федеральный округ, 195252, Россия', 'class': 'shop', 'type': 'convenience', 'importance': 0.5001, 'icon': 'https://nominatim.openstreetmap.org/ui/mapicons/shopping_convenience.p.20.png'}, {'place_id': 20977602, 'licence': 'Data © OpenStreetMap contributors, ODbL 1.0. https://osm.org/copyright', 'osm_type': 'node', 'osm_id': 2374750824, 'boundingbox': ['60.0162734', '60.0163734', '30.4155476', '30.4156476'], 'lat': '60.0163234', 'lon': '30.4155976', 'display_name': 'Софья, 13 к1, улица Софьи Ковалевской, округ Гражданка, Санкт-Петербург, Северо-Западный федеральный округ, 195252, Россия', 'class': 'shop', 'type': 'hairdresser', 'importance': 0.5001, 'icon': 'https://nominatim.openstreetmap.org/ui/mapicons/shopping_hairdresser.p.20.png'}, {'place_id': 109493163, 'licence': 'Data © OpenStreetMap contributors, ODbL 1.0. https://osm.org/copyright', 'osm_type': 'way', 'osm_id': 23030376, 'boundingbox': ['60.0154853', '60.016405', '30.4160228', '30.4170909'], 'lat': '60.01591355', 'lon': '30.416525277421005', 'display_name': '13 к2, улица Софьи Ковалевской, округ Гражданка, Санкт-Петербург, Северо-Западный федеральный округ, 195252, Россия', 'class': 'building', 'type': 'apartments', 'importance': 0.5001}, {'place_id': 109460046, 'licence': 'Data © OpenStreetMap contributors, ODbL 1.0. https://osm.org/copyright', 'osm_type': 'way', 'osm_id': 23030375, 'boundingbox': ['60.0156613', '60.0161604', '30.4180022', '30.4190534'], 'lat': '60.0159106', 'lon': '30.41852755118859', 'display_name': '13 к5, улица Софьи Ковалевской, округ Гражданка, Санкт-Петербург, Северо-Западный федеральный округ, 195252, Россия', 'class': 'building', 'type': 'kindergarten', 'importance': 0.5001}, {'place_id': 109671192, 'licence': 'Data © OpenStreetMap contributors, ODbL 1.0. https://osm.org/copyright', 'osm_type': 'way', 'osm_id': 23030377, 'boundingbox': ['60.0157813', '60.0165492', '30.4151028', '30.416019'], 'lat': '60.01616385', 'lon': '30.41555464908039', 'display_name': '13 к1, улица Софьи Ковалевской, округ Гражданка, Санкт-Петербург, Северо-Западный федеральный округ, 195252, Россия', 'class': 'building', 'type': 'apartments', 'importance': 0.5001}]",60.01634,30.415081,1173.20
4,8921944,"г. Санкт-Петербург, ул. Пионерская, д. 35, лит. А",Петербург Пионерская ул 35,"[{'place_id': 346826661, 'licence': 'Data © OpenStreetMap contributors, ODbL 1.0. https://osm.org/copyright', 'osm_type': 'node', 'osm_id': 2422127231, 'boundingbox': ['59.9586513', '59.9587513', '30.2880213', '30.2881213'], 'lat': '59.9587013', 'lon': '30.2880713', 'display_name': '35, Пионерская улица, Петроградская сторона, Петровский округ, Санкт-Петербург, Северо-Западный федеральный округ, 197198, Россия', 'class': 'amenity', 'type': 'cafe', 'importance': 0.41009999999999996, 'icon': 'https://nominatim.openstreetmap.org/ui/mapicons/food_cafe.p.20.png'}, {'place_id': 299343003, 'licence': 'Data © OpenStreetMap contributors, ODbL 1.0. https://osm.org/copyright', 'osm_type': 'relation', 'osm_id': 13233897, 'boundingbox': ['59.9586332', '59.9588222', '30.2880053', '30.2883665'], 'lat': '59.958718450000006', 'lon': '30.28818121632846', 'display_name': '35, Пионерская улица, Петроградская сторона, Петровский округ, Санкт-Петербург, Северо-Западный федеральный округ, 197198, Россия', 'class': 'building', 'type': 'apartments', 'importance': 0.41009999999999996}, {'place_id': 64396000, 'licence': 'Data © OpenStreetMap contributors, ODbL 1.0. https://osm.org/copyright', 'osm_type': 'node', 'osm_id': 5933795234, 'boundingbox': ['59.9589941', '59.9590941', '30.2884298', '30.2885298'], 'lat': '59.9590441', 'lon': '30.2884798', 'display_name': 'Ароматный мир, 35, Пионерская улица, Петроградская сторона, Петровский округ, Санкт-Петербург, Северо-Западный федеральный округ, 197198, Россия', 'class': 'shop', 'type': 'alcohol', 'importance': 0.41009999999999996, 'icon': 'https://nominatim.openstreetmap.org/ui/mapicons/shopping_alcohol.p.20.png'}, {'place_id': 128306775, 'licence': 'Data © OpenStreetMap contributors, ODbL 1.0. https://osm.org/copyright', 'osm_type': 'way', 'osm_id': 103445956, 'boundingbox': ['59.8811686', '59.8812953', '29.8444973', '29.844804'], 'lat': '59.881231400000004', 'lon': '29.844659561071424', 'display_name': '35, Пионерская улица, Старый Петергоф, Петергоф, Санкт-Петербург, Северо-Западный федеральный округ, 198504, Россия', 'class': 'building', 'type': 'detached', 'importance': 0.41009999999999996}]",59.9587013,30.2880713,4099.90
5,9342345,"г. Санкт-Петербург, г. Пушкин, ул. Малая, д. 40",Петербург Пушкин Малая ул 40,"[{'place_id': 122305303, 'licence': 'Data © OpenStreetMap contributors, ODbL 1.0. https://osm.org/copyright', 'osm_type': 'way', 'osm_id': 71155311, 'boundingbox': ['59.7186834', '59.7190092', '30.4045339', '30.4052814'], 'lat': '59.718846049999996', 'lon': '30.404904655571503', 'display_name': '40, Малая улица, София, Пушкин, Санкт-Петербург, Северо-Западный федеральный округ, 196601, Россия', 'class': 'building', 'type': 'apartments', 'importance': 0.5200999999999999}, {'place_id': 342217549, 'licence': 'Data © OpenStreetMap contributors, ODbL 1.0. https://osm.org/copyright', 'osm_type': 'way', 'osm_id': 71155312, 'boundingbox': ['59.7186103', '59.7186928', '30.4052594', '30.4054213'], 'lat': '59.718651550000004', 'lon': '30.40534035858434', 'display_name': '40А, Малая улица, София, Пушкин, Санкт-Петербург, Северо-Западный федеральный округ, 196601, Россия', 'class': 'building', 'type': 'yes', 'importance': 0.5101}]",59.718846049999996,30.404904655571503,2538.50
6,7682360,"г. Санкт-Петербург, ул. Пионерстроя, д. 7, к. 2",Петербург Пионерстроя ул 7к2,"[{'place_id': 113072810, 'licence': 'Data © OpenStreetMap contributors, ODbL 1.0. https://osm.org/copyright', 'osm_type': 'way', 'osm_id': 31060854, 'boundingbox': ['59.8444577', '59.8448796', '30.1265562', '30.1274737'], 'lat': '59.84466805', 'lon': '30.1269042408819', 'display_name': '7 к2, улица Пионерстроя, Сосновая Поляна, округ Сосновая поляна, Санкт-Петербург, Северо-Западный федеральный округ, 198206, Россия', 'class': 'building', 'type': 'apartments', 'importance': 0.30010000000000003}]",59.84466805,30.1269042408819,7449.54
7,9088525,"г. Санкт-Петербург, г. Красное Село, ул. Рябчикова, д. 11, к. 2, лит. А",Петербург Красное Село Рябчикова ул 11к2,"[{'place_id': 134022775, 'licence': 'Data © OpenStreetMap contributors, ODbL 1.0. https://osm.org/copyright', 'osm_type': 'way', 'osm_id': 125079754, 'boundingbox': ['59.7338462', '59.7344613', '30.0693168', '30.0695652'], 'lat': '59.7341538', 'lon': '30.06944099992684', 'display_name': '11 к2, улица Рябчикова, Красное Село, Санкт-Петербург, Северо-Западный федеральный округ, 198320, Россия', 'class': 'building', 'type': 'dormitory', 'importance': 0.5001}]",59.7341538,30.06944099992684,3436.90
8,8210492,"г. Санкт-Петербург, пер. 3-й Рабфаковский, д. 10, к. 1, лит. М",Петербург 3-й Рабфаковский пер 10к1,"[{'place_id': 113117941, 'licence': 'Data © OpenStreetMap contributors, ODbL 1.0. https://osm.org/copyright', 'osm_type': 'way', 'osm_id': 30701914, 'boundingbox': ['59.8522301', '59.8527532', '30.4681723', '30.4697769'], 'lat': '59.8524673', 'lon': '30.46888998696206', 'display_name': '10 к1, 3-й Рабфаковский переулок, Троицкое поле, Обуховский округ, Санкт-Петербург, Северо-Западный федеральный округ, 192012, Россия', 'class': 'building', 'type': 'apartments', 'importance': 0.5001}]",59.8524673,30.46888998696206,4147.00
9,7716557,"г. Санкт-Петербург, ул. 6-я Советская, д. 28",Петербург 6-я Советская ул 28,"[{'place_id': 127482926, 'licence': 'Data © OpenStreetMap contributors, ODbL 1.0. https://osm.org/copyright', 'osm_type': 'way', 'osm_id': 96849447, 'boundingbox': ['59.9339367', '59.9343552', '30.3750566', '30.3757699'], 'lat': '59.934135', 'lon': '30.375259416711835', 'display_name': '28, 6-я Советская улица, Пески, округ Смольнинское, Санкт-Петербург, Северо-Западный федеральный округ, 193144, Россия', 'class': 'building', 'type': 'yes', 'importance': 0.6101}]",59.934135,30.375259416711835,1100.00
10,6755848,"г. Санкт-Петербург, ул. Дудко, д. 29, к. 3",Петербург Дудко ул 29к3,"[{'place_id': 112263596, 'licence': 'Data © OpenStreetMap contributors, ODbL 1.0. https://osm.org/copyright', 'osm_type': 'way', 'osm_id': 29640212, 'boundingbox': ['59.8865101', '59.8867395', '30.4275603', '30.4281587'], 'lat': '59.88661085', 'lon': '30.42785950319967', 'display_name': '29 к3, улица Дудко, Ивановский округ, Санкт-Петербург, Северо-Западный федеральный округ, 102171, Россия', 'class': 'building', 'type': 'yes', 'importance': 0.30010000000000003}]",59.88661085,30.42785950319967,655.00
11,6968515,"г. Санкт-Петербург, ул. Бухарестская, д. 72, к. 2, лит. А",Петербург Бухарестская ул 72к2,"[{'place_id': 113100454, 'licence': 'Data © OpenStreetMap contributors, ODbL 1.0. https://osm.org/copyright', 'osm_type': 'way', 'osm_id': 30790611, 'boundingbox': ['59.8729567', '59.8741673', '30.3793609', '30.380726'], 'lat': '59.873586', 'lon': '30.380019125670906', 'display_name': '72 к2, Бухарестская улица, округ Волковское, Санкт-Петербург, Северо-Западный федеральный округ, 192242, Россия', 'class': 'building', 'type': 'apartments', 'importance': 0.30010000000000003}]",59.873586,30.380019125670906,6998.31
12,6749311,"г. Санкт-Петербург, г. Пушкин, ул. Пушкинская, д. 38",Петербург Пушкин Пушкинская ул 38,"[{'place_id': 121324880, 'licence': 'Data © OpenStreetMap contributors, ODbL 1.0. https://osm.org/copyright', 'osm_type': 'way', 'osm_id': 65049661, 'boundingbox': ['59.7204749', '59.7207282', '30.4120343', '30.412616'], 'lat': '59.7206016', 'lon': '30.41232513553226', 'display_name': '38, Пушкинская улица, Пушкин, Санкт-Петербург, Северо-Западный федеральный округ, 196601, Россия', 'class': 'building', 'type': 'yes', 'importance': 0.5200999999999999}]",59.7206016,30.41232513553226,908.60
13,6746026,"г. Санкт-Петербург, г. Колпино, ул. Тверская, д. 33",Петербург Колпино Тверская ул 33,"[{'place_id': 119693523, 'licence': 'Data © OpenStreetMap contributors, ODbL 1.0. https://osm.org/copyright', 'osm_type': 'way', 'osm_id': 53820469, 'boundingbox': ['59.7335087', '59.7339806', '30.6090439', '30.6093342'], 'lat': '59.73374175', 'lon': '30.609189489065336', 'display_name': '33, Тверская улица, Колпино, Санкт-Петербург, Северо-Западный федеральный округ, 196655, Россия', 'class': 'building', 'type': 'apartments', 'importance': 0.5200999999999999}]",59.73374175,30.609189489065336,11455.70
14,8921447,"г. Санкт-Петербург, ул. Новоладожская, д. 12, лит. А",Петербург Новоладожская ул 12,"[{'place_id': 91944713, 'licence': 'Data © OpenStreetMap contributors, ODbL 1.0. https://osm.org/copyright', 'osm_type': 'node', 'osm_id': 8923093717, 'boundingbox': ['59.9628537', '59.9629537', '30.2748713', '30.2749713'], 'lat': '59.9629037', 'lon': '30.2749213', 'display_name': 'Артель, 12, Новоладожская улица, Петроградская сторона, Петровский округ, Санкт-Петербург, Северо-Западный федеральный округ, 197110, Россия', 'class': 'shop', 'type': 'antiques', 'importance': 0.41009999999999996}, {'place_id': 141424771, 'licence': 'Data © OpenStreetMap contributors, ODbL 1.0. https://osm.org/copyright', 'osm_type': 'way', 'osm_id': 158057536, 'boundingbox': ['59.9626657', '59.9630803', '30.2745438', '30.2751124'], 'lat': '59.96287465', 'lon': '30.274736156386833', 'display_name': '12, Новоладожская улица, Петроградская сторона, Петровский округ, Санкт-Петербург, Северо-Западный федеральный округ, 197110, Россия', 'class': 'building', 'type': 'apartments', 'importance': 0.41009999999999996}]",59.9629037,30.2749213,1498.80
15,6926167,"г. Санкт-Петербург, ул. Васи Алексеева, д. 7, лит. А",Петербург Васи Алексеева ул 7,"[{'place_id': 117989370, 'licence': 'Data © OpenStreetMap contributors, ODbL 1.0. https://osm.org/copyright', 'osm_type': 'way', 'osm_id': 47636760, 'boundingbox': ['59.8779609', '59.8782997', '30.2684673', '30.2694666'], 'lat': '59.878109', 'lon': '30.269048409024492', 'display_name': '7, улица Васи Алексеева, Автово, округ Автово, Санкт-Петербург, Северо-Западный федеральный округ, 198188, Россия', 'class': 'building', 'type': 'apartments', 'importance': 0.5101}]",59.878109,30.269048409024492,2670.30
16,8930796,"г. Санкт-Петербург, ул. Псковская, д. 13, лит. А",Петербург Псковская ул 13,"[{'place_id': 126989301, 'licence': 'Data © OpenStreetMap contributors, ODbL 1.0. https://osm.org/copyright', 'osm_type': 'way', 'osm_id': 100788557, 'boundingbox': ['59.91916', '59.9193673', '30.2791614', '30.2795878'], 'lat': '59.9192637', 'lon': '30.279374601384088', 'display_name': '13, Псковская улица, Коломна, округ Коломна, Санкт-Петербург, Северо-Западный федеральный округ, 190008, Россия', 'class': 'building', 'type': 'apartments', 'importance': 0.41009999999999996}, {'place_id': 128119714, 'licence': 'Data © OpenStreetMap contributors, ODbL 1.0. https://osm.org/copyright', 'osm_type': 'way', 'osm_id': 100114380, 'boundingbox': ['59.920363', '59.9207593', '30.2820335', '30.2827582'], 'lat': '59.9205704', 'lon': '30.282502671772757', 'display_name': '1/13, Псковская улица, Коломна, округ Коломна, Санкт-Петербург, Северо-Западный федеральный округ, 190121, Россия', 'class': 'building', 'type': 'apartments', 'importance': 0.4001}, {'place_id': 19016081, 'licence': 'Data © OpenStreetMap contributors, ODbL 1.0. https://osm.org/copyright', 'osm_type': 'node', 'osm_id': 2112305229, 'boundingbox': ['59.9206705', '59.9207705', '30.282491', '30.282591'], 'lat': '59.9207205', 'lon': '30.282541', 'display_name': 'Красное&Белое, 1/13, Псковская улица, Коломна, округ Коломна, Санкт-Петербург, Северо-Западный федеральный округ, 190121, Россия', 'class': 'shop', 'type': 'alcohol', 'importance': 0.4001, 'icon': 'https://nominatim.openstreetmap.org/ui/mapicons/shopping_alcohol.p.20.png'}, {'place_id': 126974880, 'licence': 'Data © OpenStreetMap contributors, ODbL 1.0. https://osm.org/copyright', 'osm_type': 'way', 'osm_id': 100789548, 'boundingbox': ['59.9192796', '59.9193364', '30.2791108', '30.2792254'], 'lat': '59.919308', 'lon': '30.2791681', 'display_name': '13 литБ, Псковская улица, Коломна, округ Коломна, Санкт-Петербург, Северо-Западный федеральный округ, 190008, Россия', 'class': 'building', 'type': 'yes', 'importance': 0.4001}]",59.9192637,30.279374601384088,1028.82
17,7793959,"г. Санкт-Петербург, г. Петергоф, ш. Ропшинское, д. 12, лит. А",Петербург Петергоф Ропшинское ш 12,"[{'place_id': 120852954, 'licence': 'Data © OpenStreetMap contributors, ODbL 1.0. https://osm.org/copyright', 'osm_type': 'way', 'osm_id': 61942104, 'boundingbox': ['59.8555742', '59.8561872', '29.9457958', '29.9463525'], 'lat': '59.8558807', 'lon': '29.94607417361398', 'display_name': '12, Ропшинское шоссе, Красные Зори, Петергоф, Санкт-Петербург, Северо-Западный федеральный округ, 198517, Россия', 'class': 'building', 'type': 'apartments', 'importance': 0.5200999999999999}]",59.8558807,29.94607417361398,2984.40
18,9062052,"г. Санкт-Петербург, ул. Декабристов, д. 43-45, лит. Б",Петербург Декабристов ул 43-45,"[{'place_id': 20374570, 'licence': 'Data © OpenStreetMap contributors, ODbL 1.0. https://osm.org/copyright', 'osm_type': 'node', 'osm_id': 2320243854, 'boundingbox': ['59.9245055', '59.9246055', '30.2866422', '30.2867422'], 'lat': '59.9245555', 'lon': '30.2866922', 'display_name': 'Street, 43-45, улица Декабристов, Коломна, округ Коломна, Санкт-Петербург, Северо-Западный федеральный округ, 190121, Россия', 'class': 'amenity', 'type': 'fast_food', 'importance': 0.5001, 'icon': 'https://nominatim.openstreetmap.org/ui/mapicons/food_fastfood.p.20.png'}, {'place_id': 338644917, 'licence': 'Data © OpenStreetMap contributors, ODbL 1.0. https://osm.org/copyright', 'osm_type': 'node', 'osm_id': 9910102584, 'boundingbox': ['59.9244844', '59.9245844', '30.2865455', '30.2866455'], 'lat': '59.9245344', 'lon': '30.2865955', 'display_name': 'Baggins Coffee, 43-45, улица Декабристов, Коломна, округ Коломна, Санкт-Петербург, Северо-Западный федеральный округ, 190121, Россия', 'class': 'amenity', 'type': 'cafe', 'importance': 0.5001, 'icon': 'https://nominatim.openstreetmap.org/ui/mapicons/food_cafe.p.20.png'}, {'place_id': 49306556, 'licence': 'Data © OpenStreetMap contributors, ODbL 1.0. https://osm.org/copyright', 'osm_type': 'node', 'osm_id': 4280642218, 'boundingbox': ['59.9244093', '59.9245093', '30.2861951', '30.2862951'], 'lat': '59.9244593', 'lon': '30.2862451', 'display_name': 'Цех85, 43-45, улица Декабристов, Коломна, округ Коломна, Санкт-Петербург, Северо-Западный федеральный округ, 190121, Россия', 'class': 'amenity', 'type': 'cafe', 'importance': 0.5001, 'icon': 'https://nominatim.openstreetmap.org/ui/mapicons/food_cafe.p.20.png'}, {'place_id': 339297987, 'licence': 'Data © OpenStreetMap contributors, ODbL 1.0. https://osm.org/copyright', 'osm_type': 'way', 'osm_id': 99698267, 'boundingbox': ['59.9244379', '59.924733', '30.2861882', '30.28707'], 'lat': '59.9245995', 'lon': '30.286679784391595', 'display_name': '43-45, улица Декабристов, Коломна, округ Коломна, Санкт-Петербург, Северо-Западный федеральный округ, 190121, Россия', 'class': 'building', 'type': 'apartments', 'importance': 0.5001}]",59.9245555,30.2866922,626.82
19,6943074,"г. Санкт-Петербург, ул. Рубинштейна, д. 11, лит. А",Петербург Рубинштейна ул 11,"[{'place_id': 7326569, 'licence': 'Data © OpenStreetMap contributors, ODbL 1.0. https://osm.org/copyright', 'osm_type': 'node', 'osm_id': 921244343, 'boundingbox': ['59.9300103', '59.9301103', '30.3442829', '30.3443829'], 'lat': '59.9300603', 'lon': '30.3443329', 'display_name': 'Леонардо, 11, улица Рубинштейна, Владимирский округ, Санкт-Петербург, Северо-Западный федеральный округ, 191002, Россия', 'class': 'amenity', 'type': 'restaurant', 'importance': 0.41009999999999996, 'icon': 'https://nominatim.openstreetmap.org/ui/mapicons/food_restaurant.p.20.png'}, {'place_id': 51547504, 'licence': 'Data © OpenStreetMap contributors, ODbL 1.0. https://osm.org/copyright', 'osm_type': 'node', 'osm_id': 4479611946, 'boundingbox': ['59.9297518', '59.9298518', '30.344143', '30.344243'], 'lat': '59.9298018', 'lon': '30.344193', 'display_name': 'Smoke BBQ, 11, улица Рубинштейна, Владимирский округ, Санкт-Петербург, Северо-Западный федеральный округ, 191002, Россия', 'class': 'amenity', 'type': 'restaurant', 'importance': 0.41009999999999996, 'icon': 'https://nominatim.openstreetmap.org/ui/mapicons/food_restaurant.p.20.png'}, {'place_id': 118466077, 'licence': 'Data © OpenStreetMap contributors, ODbL 1.0. https://osm.org/copyright', 'osm_type': 'way', 'osm_id': 47457736, 'boundingbox': ['59.9296919', '59.9304297', '30.3430177', '30.3444503'], 'lat': '59.93006325', 'lon': '30.344001664280388', 'display_name': '11, улица Рубинштейна, Владимирский округ, Санкт-Петербург, Северо-Западный федеральный округ, 191002, Россия', 'class': 'building', 'type': 'yes', 'importance': 0.41009999999999996}, {'place_id': 42319224, 'licence': 'Data © OpenStreetMap contributors, ODbL 1.0. https://osm.org/copyright', 'osm_type': 'node', 'osm_id': 3329715118, 'boundingbox': ['59.9265581', '59.9266581', '30.3426341', '30.3427341'], 'lat': '59.9266081', 'lon': '30.3426841', 'display_name': 'Бекицер, 40/11, улица Рубинштейна, Владимирский округ, Санкт-Петербург, Северо-Западный федеральный округ, 191002, Россия', 'class': 'amenity', 'type': 'bar', 'importance': 0.4001, 'icon': 'https://nominatim.openstreetmap.org/ui/mapicons/food_bar.p.20.png'}, {'place_id': 343278486, 'licence': 'Data © OpenStreetMap contributors, ODbL 1.0. https://osm.org/copyright', 'osm_type': 'node', 'osm_id': 10026269477, 'boundingbox': ['59.9263713', '59.9264713', '30.3424818', '30.3425818'], 'lat': '59.9264213', 'lon': '30.3425318', 'display_name': '40/11, улица Рубинштейна, Владимирский округ, Санкт-Петербург, Северо-Западный федеральный округ, 191002, Россия', 'class': 'man_made', 'type': 'surveillance', 'importance': 0.4001}, {'place_id': 59542382, 'licence': 'Data © OpenStreetMap contributors, ODbL 1.0. https://osm.org/copyright', 'osm_type': 'node', 'osm_id': 5444485579, 'boundingbox': ['59.9263544', '59.9264544', '30.3425135', '30.3426135'], 'lat': '59.9264044', 'lon': '30.3425635', 'display_name': 'Bileter, 40/11, улица Рубинштейна, Владимирский округ, Санкт-Петербург, Северо-Западный федеральный округ, 191002, Россия', 'class': 'shop', 'type': 'ticket', 'importance': 0.4001}, {'place_id': 297645063, 'licence': 'Data © OpenStreetMap contributors, ODbL 1.0. https://osm.org/copyright', 'osm_type': 'relation', 'osm_id': 1588242, 'boundingbox': ['59.926385', '59.9268461', '30.3425233', '30.3432192'], 'lat': '59.926610600000004', 'lon': '30.343080293053898', 'display_name': '40/11, улица Рубинштейна, Владимирский округ, Санкт-Петербург, Северо-Западный федеральный округ, 191002, Россия', 'class': 'building', 'type': 'yes', 'importance': 0.4001}]",59.9300603,30.3443329,7007.44
20,8920530,"г. Санкт-Петербург, ул. Лахтинская, д. 8, лит. А",Петербург Лахтинская ул 8,"[{'place_id': 119871121, 'licence': 'Data © OpenStreetMap contributors, ODbL 1.0. https://osm.org/copyright', 'osm_type': 'way', 'osm_id': 58199819, 'boundingbox': ['59.9614205', '59.9618396', '30.3019328', '30.3029681'], 'lat': '59.96164', 'lon': '30.302502101253026', 'display_name': '8, Лахтинская улица, Петроградская сторона, Петровский округ, Санкт-Петербург, Северо-Западный федеральный округ, 197136, Россия', 'class': 'building', 'type': 'yes', 'importance': 0.41009999999999996}]",59.96164,30.302502101253026,2955.80
21,7793603,"г. Санкт-Петербург, г. Петергоф, ш. Ропшинское, д. 2, лит. А",Петербург Петергоф Ропшинское ш 2,"[{'place_id': 121042181, 'licence': 'Data © OpenStreetMap contributors, ODbL 1.0. https://osm.org/copyright', 'osm_type': 'way', 'osm_id': 61942096, 'boundingbox': ['59.8559372', '59.8562622', '29.9466138', '29.9479695'], 'lat': '59.856109599999996', 'lon': '29.947229051656805', 'display_name': '2, Ропшинское шоссе, Красные Зори, Петергоф, Санкт-Петербург, Северо-Западный федеральный округ, 198517, Россия', 'class': 'building', 'type': 'apartments', 'importance': 0.5200999999999999}, {'place_id': 128852363, 'licence': 'Data © OpenStreetMap contributors, ODbL 1.0. https://osm.org/copyright', 'osm_type': 'way', 'osm_id': 102999567, 'boundingbox': ['59.8650396', '59.8660332', '29.9509816', '29.952506'], 'lat': '59.86550185', 'lon': '29.95174804885981', 'display_name': '1 к2, Ропшинское шоссе, Дёминский посёлок, Петергоф, Санкт-Петербург, Северо-Западный федеральный округ, 198517, Россия', 'class': 'building', 'type': 'school', 'importance': 0.5101}, {'place_id': 136828791, 'licence': 'Data © OpenStreetMap contributors, ODbL 1.0. https://osm.org/copyright', 'osm_type': 'way', 'osm_id': 134508699, 'boundingbox': ['59.857323', '59.8581215', '29.9505515', '29.9516121'], 'lat': '59.85770535', 'lon': '29.95133346090408', 'display_name': '3 к2, Ропшинское шоссе, Красные Зори, Петергоф, Санкт-Петербург, Северо-Западный федеральный округ, 198517, Россия', 'class': 'building', 'type': 'apartments', 'importance': 0.5101}]",59.856109599999996,29.947229051656805,3452.70
22,7020656,"г. Санкт-Петербург, ул. 2-я Комсомольская, д. 36, к. 2",Петербург 2-я Комсомольская ул 36к2,"[{'place_id': 114010112, 'licence': 'Data © OpenStreetMap contributors, ODbL 1.0. https://osm.org/copyright', 'osm_type': 'way', 'osm_id': 33099606, 'boundingbox': ['59.8322408', '59.8331286', '30.1443157', '30.1444782'], 'lat': '59.8326268', 'lon': '30.144395749912633', 'display_name': '36 к2, 2-я Комсомольская улица, округ Константиновское, Санкт-Петербург, Северо-Западный федеральный округ, 198259, Россия', 'class': 'building', 'type': 'apartments', 'importance': 0.5001}]",59.8326268,30.144395749912633,3375.51
23,7021072,"г. Санкт-Петербург, наб. Обводного канала, д. 84, лит. Б",Петербург Обводного канала наб 84,"[{'place_id': 131728575, 'licence': 'Data © OpenStreetMap contributors, ODbL 1.0. https://osm.org/copyright', 'osm_type': 'way', 'osm_id': 115873380, 'boundingbox': ['59.9092448', '59.9094779', '30.3236276', '30.324144'], 'lat': '59.90936445', 'lon': '30.323899360637256', 'display_name': '84 литА, набережная Обводного канала, округ Московская застава, Санкт-Петербург, Северо-Западный федеральный округ, 196284, Россия', 'class': 'building', 'type': 'yes', 'importance': 0.5001}, {'place_id': 132116341, 'licence': 'Data © OpenStreetMap contributors, ODbL 1.0. https://osm.org/copyright', 'osm_type': 'way', 'osm_id': 115873375, 'boundingbox': ['59.9089037', '59.9092352', '30.323971', '30.3246364'], 'lat': '59.90906875', 'lon': '30.324187499197457', 'display_name': '84 литБ, набережная Обводного канала, округ Московская застава, Санкт-Петербург, Северо-Западный федеральный округ, 196284, Россия', 'class': 'building', 'type': 'yes', 'importance': 0.5001}]",59.90936445,30.323899360637256,1823.48
24,6744538,"г. Санкт-Петербург, г. Колпино, ул. Октябрьская, д. 69",Петербург Колпино Октябрьская ул 69,"[{'place_id': 115707251, 'licence': 'Data © OpenStreetMap contributors, ODbL 1.0. https://osm.org/copyright', 'osm_type': 'way', 'osm_id': 40844957, 'boundingbox': ['59.7383367', '59.7393457', '30.6198871', '30.6212836'], 'lat': '59.7388412', 'lon': '30.62058535', 'display_name': '69, Октябрьская улица, Колпино, Санкт-Петербург, Северо-Западный федеральный округ, 196655, Россия', 'class': 'building', 'type': 'apartments', 'importance': 0.5200999999999999}]",59.7388412,30.62058535,16790.60
25,8665150,"г. Санкт-Петербург, ул. Руставели, д. 18",Петербург Руставели ул 18,"[{'place_id': 109111167, 'licence': 'Data © OpenStreetMap contributors, ODbL 1.0. https://osm.org/copyright', 'osm_type': 'way', 'osm_id': 23031009, 'boundingbox': ['60.0029069', '60.0030716', '30.4347482', '30.4351752'], 'lat': '60.00296945', 'lon': '30.43496280346615', 'display_name': '18, улица Руставели, Пискарёвка, округ Пискарёвка, Санкт-Петербург, Северо-Западный федеральный округ, 195273, Россия', 'class': 'building', 'type': 'apartments', 'importance': 0.41009999999999996}]",60.00296945,30.43496280346615,1958.60
26,6922385,"г. Санкт-Петербург, ул. Декабристов, д. 28",Петербург Декабристов ул 28,"[{'place_id': 14457081, 'licence': 'Data © OpenStreetMap contributors, ODbL 1.0. https://osm.org/copyright', 'osm_type': 'node', 'osm_id': 1502352133, 'boundingbox': ['59.9480873', '59.9481873', '30.2413046', '30.2414046'], 'lat': '59.9481373', 'lon': '30.2413546', 'display_name': 'улица Одоевского, 28, улица Одоевского, округ Остров Декабристов, Санкт-Петербург, Северо-Западный федеральный округ, 199155, Россия', 'class': 'highway', 'type': 'bus_stop', 'importance': 0.41009999999999996, 'icon': 'https://nominatim.openstreetmap.org/ui/mapicons/transport_bus_stop2.p.20.png'}]",59.9481373,30.2413546,4096.51
